Partito,URL,Tono,Punteggio,Testo
Fratelli d’Italia,https://www.open.online/2022/07/19/governo-meloni-ministri-vittoria-elezioni-fdi/,Positivo,0.8712,"SOSTENIBILITÀ
ECONOMIA & LAVORO
ESTERI
CULTURA & SPETTACOLO
ATTUALITÀ
POLITICA
POLITICA
CENTRODESTRA
ELEZIONI POLITICHE 2022
FDI
GIORGIA MELONI
GOVERNO MELONI
Come sarà il governo Meloni: Repubblica e la lista dei possibili ministri se Fratelli d’Italia vince le elezioni
19 LUGLIO 2022 - 08:46 REDAZIONE
EMBED
Non è detto che vada a Palazzo Chigi: potrebbe essere la kingmaker di un nuovo nome. Gli altri papabili

Forse è uno spauracchio per sostenere il governo Draghi. O forse no. Di certo oggi la Repubblica si porta (molto) avanti con il lavoro pubblicando una serie di nomi papabili per i ministeri in caso di vittoria di Fratelli d’Italia alle elezioni. Il partito di Giorgia Meloni è il primo nel centrodestra che sarebbe favoritissimo in caso di urne anticipate. E quindi ci sta che immagini come possa essere un esecutivo trainato da FdI. Anche se, scrive oggi Emanuele Lauria, non è detto che alla fine vada lei a Palazzo Chigi: «Non è da escludere che alla fine faccia da kingmaker e ind"
Fratelli d’Italia,https://www.open.online/2022/08/31/elezioni-politiche-2022-elsa-fornero-giorgia-meloni-premier/,Positivo,0.88915,"SOSTENIBILITÀ
ECONOMIA & LAVORO
ESTERI
CULTURA & SPETTACOLO
ATTUALITÀ
POLITICA
POLITICA
CENTRODESTRA
ELEZIONI POLITICHE 2022
ELSA FORNERO
FDI
GIORGIA MELONI
GOVERNO MELONI
POPULISMO
Elsa Fornero e Giorgia Meloni premier: «Il machismo dei populisti non la digerirà»
31 AGOSTO 2022 - 06:02 REDAZIONE
EMBED
L'ex ministra del Lavoro: la presidente di FdI sente odore di governo. Ma...

L’economista ed ex ministra del Lavoro Elsa Fornero in un’intervista a La Stampa parla di Giorgia Meloni premier. E prevede che i “maschi” della coalizione di centrodestra faranno fatica ad accettare la sua leadership a Palazzo Chigi. Fornero osserva le ultime posizioni prese dalla presidente di Fratelli d’Italia in campagna elettorale: «Sente odore di governo, si considera vicina alla meta. Siccome sa che i problemi del paese sono tanti, cerca di essere più prudente di alcuni che, anche della sua alleanza, prudenti non sono. A cominciare da Berlusconi che si ripresenta con promesse fatte vent’anni fa». Secondo"
Fratelli d’Italia,https://www.open.online/2022/08/27/elezioni-politiche-2022-meloni-premier-mattarella/,Neutro,0.6909,"SOSTENIBILITÀ
ECONOMIA & LAVORO
ESTERI
CULTURA & SPETTACOLO
ATTUALITÀ
POLITICA
POLITICA
BRINDISI
CENTRODESTRA
FDI
GIORGIA MELONI
GOVERNO MELONI
PUGLIA
SERGIO MATTARELLA
Meloni: «Se vinciamo e FdI si afferma, credo che Mattarella non possa che indicarmi come premier»
27 AGOSTO 2022 - 00:14 REDAZIONE
EMBED
La leader di Fratelli d'Italia è intervenuta all'evento di Affari Italiani. Commenti anche per Di Maio: «Semplicemente indegno come ministro»

Dal palco del festival di Affari Italiani a Ceglie Messapica, in provincia di Brindisi, Giorgia Meloni ha chiarito che se il centrodestra dovesse vincere con Fratelli d’Italia come primo partito della coalizione, il presidente della Repubblica Sergio Mattarella avrebbe solo una scelta da fare: «Se vincesse il centrodestra e ci fosse l’affermazione di FdI non ho ragione di credere che Mattarella possa assumere una scelta diversa rispetto alla mia indicazione». Meloni ha criticato anche la campagna elettorale portata avanti dal centrosinistra: «Di"
Fratelli d’Italia,https://www.open.online/2022/08/30/elezioni-politiche-2022-di-maio-governo-meloni-draghi/,Positivo,0.7757000000000001,"SOSTENIBILITÀ
ECONOMIA & LAVORO
ESTERI
CULTURA & SPETTACOLO
ATTUALITÀ
POLITICA
POLITICA
CENTRODESTRA
ELEZIONI POLITICHE 2022
FDI
GIORGIA MELONI
GOVERNO MELONI
IMPEGNO CIVICO
LUIGI DI MAIO
MARIO DRAGHI
Di Maio: «Il governo Meloni? Durerà un anno, poi si sfascerà. Noi pronti al bis di Draghi premier»
30 AGOSTO 2022 - 07:56 REDAZIONE
EMBED
Il ministro degli esteri: il vero obiettivo del centrodestra è buttare giù Mattarella

«Come Impegno civico saremo prontissimi a sostenere di nuovo Draghi alla presidenza del Consiglio». Il ministro degli Esteri, Luigi Di Maio in un’intervista a La Stampa prova a prevedere l’esito delle prossime elezioni. Se la destra invece vincesse in maniera larga, «in quel caso il trio sfascia-conti durerà un anno. Salvini lavorerà con Berlusconi per logorare Meloni, dopodiché andranno di nuovo da Draghi a pregarlo di tornare a palazzo Chigi. Sono caotici». Riguardo alle frasi della leader di FdI sulla necessità, in caso di vittoria, di assegnare l’incarico di forma"
Fratelli d’Italia,https://www.open.online/2022/09/24/elezioni-politiche-2022-cantante-cosmo-vs-meloni/,Positivo Forte,0.9672000000000001,"SOSTENIBILITÀ
ECONOMIA & LAVORO
ESTERI
CULTURA & SPETTACOLO
ATTUALITÀ
POLITICA
POLITICA
CENTRODESTRA
ELEZIONI POLITICHE 2022
FDI
GIORGIA MELONI
GOVERNO MELONI
MUSICA
NEOFASCISMO
Anche Cosmo si schiera: «Meloni? Una post-fascista al governo farebbe danni spaventosi»
24 SETTEMBRE 2022 - 07:50 REDAZIONE
EMBED
Il cantautore: Salvini? Potrebbe fare l'influencer. Io voterò a sinistra

Una post-fascista al governo farebbe danni spaventosi. Ne è convinto il cantautore Cosmo, che alla vigilia delle elezioni si schiera in un’intervista a La Stampa. E dai palchi dice «Votare Giorgia Meloni è una cazzata». Per la leader di Fratelli d’Italia, secondo Cosmo, «quella di post-fascista è una definizione adeguata. A destra sono bravi ad aizzare le folle esasperando le paure ataviche delle popolazioni: xenofobia, razzismo. Sull’aborto Meloni dice delle idiozie totali, sono sparate fatte per titillare i cattolici conservatori. Un voto a loro significa cadere nella trappola delle paure e dei sentimenti neg"
